entity_id,vehicle_trip_trip_id,vehicle_vehicle_id,vehicle_trip_start_time,vehicle_trip_start_date,vehicle_vehicle_label,vehicle_position_point,vehicle_position_bearing,vehicle_current_stop_sequence,vehicle_current_status,vehicle_timestamp,vehicle_stop_id,vehicle_occupancy_percentage,vehicle_occupancy_status,feed_message_id,vehicle_trip_start_timestamp,time_traveled,distance_traveled
y1200,61885995,y1200,0 days 21:49:00,2024-06-01,1200,POINT (-71.063255 42.3398),16.0,1,STOPPED_AT,2024-06-01 21:36:10-04:00,23391,0.0,MANY_SEATS_AVAILABLE,MBTA-vehicle-1717292172,2024-06-01 21:49:00-04:00,-1 days +23:47:10,394.34995381206016
y1200,61885995,y1200,0 days 21:49:00,2024-06-01,1200,POINT (-71.06264 42.341076),18.0,1,STOPPED_AT,2024-06-01 21:36:25-04:00,23391,0.0,MANY_SEATS_AVAILABLE,MBTA-vehicle-1717292187,2024-06-01 21:49:00-04:00,-1 days +23:47:25,394.34995381206016
y1200,61885995,y1200,0 days 21:49:00,2024-06-01,1200,POINT (-71.062126 42.342373),10.0,1,STOPPED_AT,2024-06-01 21:36:36-04:00,23391,0.0,MANY_SEATS_AVAILABLE,MBTA-vehicle-1717292202,2024-06-01 21:49:00-04:00,-1 days +23:47:36,394.34995381206016
y1200,61885995,y1200,0 days 21:49:00,2024-06-01,1200,POINT (-71.06201 42.342697),321.0,1,STOPPED_AT,2024-06-01 21:36:54-04:00,23391,0.0,MANY_SEATS_AVAILABLE,MBTA-vehicle-1717292216,2024-06-01 21:49:00-04:00,-1 days +23:47:54,394.34995381206016
y1200,61885995,y1200,0 days 21:49:00,2024-06-01,1200,POINT (-71.06178 42.34261),27.0,1,STOPPED_AT,2024-06-01 21:37:03-04:00,23391,0.0,MANY_SEATS_AVAILABLE,MBTA-vehicle-1717292232,2024-06-01 21:49:00-04:00,-1 days +23:48:03,394.34995381206016
y1200,61885995,y1200,0 days 21:49:00,2024-06-01,1200,POINT (-71.06341 42.343246),306.0,1,STOPPED_AT,2024-06-01 21:37:24-04:00,23391,0.0,MANY_SEATS_AVAILABLE,MBTA-vehicle-1717292248,2024-06-01 21:49:00-04:00,-1 days +23:48:24,394.34995381206016
y1200,61885995,y1200,0 days 21:49:00,2024-06-01,1200,POINT (-71.06362 42.3433),295.0,1,STOPPED_AT,2024-06-01 21:37:38-04:00,23391,0.0,MANY_SEATS_AVAILABLE,MBTA-vehicle-1717292262,2024-06-01 21:49:00-04:00,-1 days +23:48:38,394.34995381206016
y1200,61885995,y1200,0 days 21:49:00,2024-06-01,1200,POINT (-71.06432 42.343468),298.0,1,STOPPED_AT,2024-06-01 21:37:53-04:00,23391,0.0,MANY_SEATS_AVAILABLE,MBTA-vehicle-1717292277,2024-06-01 21:49:00-04:00,-1 days +23:48:53,394.34995381206016
y1200,61885995,y1200,0 days 21:49:00,2024-06-01,1200,POINT (-71.06513 42.34372),281.0,1,STOPPED_AT,2024-06-01 21:38:07-04:00,23391,0.0,MANY_SEATS_AVAILABLE,MBTA-vehicle-1717292292,2024-06-01 21:49:00-04:00,-1 days +23:49:07,394.34995381206016
y1200,61885995,y1200,0 days 21:49:00,2024-06-01,1200,POINT (-71.0663 42.34411),311.0,1,STOPPED_AT,2024-06-01 21:38:24-04:00,23391,0.0,MANY_SEATS_AVAILABLE,MBTA-vehicle-1717292307,2024-06-01 21:49:00-04:00,-1 days +23:49:24,394.34995381206016
y1200,61885995,y1200,0 days 21:49:00,2024-06-01,1200,POINT (-71.06684 42.34423),270.0,1,STOPPED_AT,2024-06-01 21:38:31-04:00,23391,0.0,MANY_SEATS_AVAILABLE,MBTA-vehicle-1717292322,2024-06-01 21:49:00-04:00,-1 days +23:49:31,394.34995381206016
y1200,61885995,y1200,0 days 21:49:00,2024-06-01,1200,POINT (-71.066734 42.34422),294.0,1,STOPPED_AT,2024-06-01 21:38:53-04:00,23391,0.0,MANY_SEATS_AVAILABLE,MBTA-vehicle-1717292336,2024-06-01 21:49:00-04:00,-1 days +23:49:53,394.34995381206016
y1200,61885995,y1200,0 days 21:49:00,2024-06-01,1200,POINT (-71.06858 42.344814),294.0,1,STOPPED_AT,2024-06-01 21:39:09-04:00,23391,0.0,MANY_SEATS_AVAILABLE,MBTA-vehicle-1717292352,2024-06-01 21:49:00-04:00,-1 days +23:50:09,394.34995381206016
y1200,61885995,y1200,0 days 21:49:00,2024-06-01,1200,POINT (-71.06918 42.345005),0.0,1,STOPPED_AT,2024-06-01 21:39:23-04:00,23391,0.0,MANY_SEATS_AVAILABLE,MBTA-vehicle-1717292367,2024-06-01 21:49:00-04:00,-1 days +23:50:23,364.47257432644534
y1200,61885995,y1200,0 days 21:49:00,2024-06-01,1200,POINT (-71.06918 42.344997),0.0,1,STOPPED_AT,2024-06-01 21:39:37-04:00,23391,0.0,MANY_SEATS_AVAILABLE,MBTA-vehicle-1717292381,2024-06-01 21:49:00-04:00,-1 days +23:50:37,363.9080459368292
y1200,61885995,y1200,0 days 21:49:00,2024-06-01,1200,POINT (-71.06918 42.344997),0.0,1,STOPPED_AT,2024-06-01 21:39:37-04:00,23391,0.0,MANY_SEATS_AVAILABLE,MBTA-vehicle-1717292397,2024-06-01 21:49:00-04:00,-1 days +23:50:37,363.9080459368292
y1200,61885995,y1200,0 days 21:49:00,2024-06-01,1200,POINT (-71.06926 42.345028),298.0,1,STOPPED_AT,2024-06-01 21:40:08-04:00,23391,0.0,MANY_SEATS_AVAILABLE,MBTA-vehicle-1717292412,2024-06-01 21:49:00-04:00,-1 days +23:51:08,359.2266208454112
y1200,61885995,y1200,0 days 21:49:00,2024-06-01,1200,POINT (-71.07007 42.345356),308.0,1,STOPPED_AT,2024-06-01 21:40:21-04:00,23391,0.0,MANY_SEATS_AVAILABLE,MBTA-vehicle-1717292427,2024-06-01 21:49:00-04:00,-1 days +23:51:21,312.8239372301405
y1200,61885995,y1200,0 days 21:49:00,2024-06-01,1200,POINT (-71.06573 42.33178),205.0,1,STOPPED_AT,2024-06-01 21:33:32-04:00,23391,0.0,MANY_SEATS_AVAILABLE,MBTA-vehicle-1717292022,2024-06-01 21:49:00-04:00,-1 days +23:44:32,149.0676616367472
y1200,61885995,y1200,0 days 21:49:00,2024-06-01,1200,POINT (-71.070946 42.346615),342.0,1,STOPPED_AT,2024-06-01 21:40:38-04:00,23391,0.0,MANY_SEATS_AVAILABLE,MBTA-vehicle-1717292442,2024-06-01 21:49:00-04:00,-1 days +23:51:38,326.4513425506047
y1200,61885995,y1200,0 days 21:49:00,2024-06-01,1200,POINT (-71.071465 42.34795),340.0,1,STOPPED_AT,2024-06-01 21:40:52-04:00,23391,0.0,MANY_SEATS_AVAILABLE,MBTA-vehicle-1717292457,2024-06-01 21:49:00-04:00,-1 days +23:51:52,376.09455780490254
y1200,61885995,y1200,0 days 21:49:00,2024-06-01,1200,POINT (-71.066826 42.33145),285.0,1,STOPPED_AT,2024-06-01 21:33:55-04:00,23391,0.0,MANY_SEATS_AVAILABLE,MBTA-vehicle-1717292037,2024-06-01 21:49:00-04:00,-1 days +23:44:55,149.0676616367472
y1200,61885995,y1200,0 days 21:49:00,2024-06-01,1200,POINT (-71.07161 42.348278),0.0,1,STOPPED_AT,2024-06-01 21:41:04-04:00,23391,0.0,MANY_SEATS_AVAILABLE,MBTA-vehicle-1717292472,2024-06-01 21:49:00-04:00,-1 days +23:52:04,386.7902089363248
y1200,61885995,y1200,0 days 21:49:00,2024-06-01,1200,POINT (-71.0717 42.348515),341.0,1,STOPPED_AT,2024-06-01 21:41:21-04:00,23391,0.0,MANY_SEATS_AVAILABLE,MBTA-vehicle-1717292487,2024-06-01 21:49:00-04:00,-1 days +23:52:21,394.34995381206016
y1200,61885995,y1200,0 days 21:49:00,2024-06-01,1200,POINT (-71.06811 42.331703),284.0,1,STOPPED_AT,2024-06-01 21:34:07-04:00,23391,0.0,MANY_SEATS_AVAILABLE,MBTA-vehicle-1717292052,2024-06-01 21:49:00-04:00,-1 days +23:45:07,149.0676616367472
y1200,61885995,y1200,0 days 21:49:00,2024-06-01,1200,POINT (-71.07025 42.332108),287.0,1,STOPPED_AT,2024-06-01 21:34:23-04:00,23391,0.0,MANY_SEATS_AVAILABLE,MBTA-vehicle-1717292067,2024-06-01 21:49:00-04:00,-1 days +23:45:23,149.0676616367472
y1200,61885995,y1200,0 days 21:49:00,2024-06-01,1200,POINT (-71.07223 42.349377),332.0,1,STOPPED_AT,2024-06-01 21:41:37-04:00,23391,0.0,MANY_SEATS_AVAILABLE,MBTA-vehicle-1717292502,2024-06-01 21:49:00-04:00,-1 days +23:52:37,488.3660607484311
y1200,61885995,y1200,0 days 21:49:00,2024-06-01,1200,POINT (-71.07271 42.350483),1.0,1,STOPPED_AT,2024-06-01 21:41:54-04:00,23391,0.0,MANY_SEATS_AVAILABLE,MBTA-vehicle-1717292516,2024-06-01 21:49:00-04:00,-1 days +23:52:54,614.0474917631301
y1200,61885995,y1200,0 days 21:49:00,2024-06-01,1200,POINT (-71.071625 42.332798),36.0,1,STOPPED_AT,2024-06-01 21:34:41-04:00,23391,0.0,MANY_SEATS_AVAILABLE,MBTA-vehicle-1717292083,2024-06-01 21:49:00-04:00,-1 days +23:45:41,149.0676616367472
y1200,61885995,y1200,0 days 21:49:00,2024-06-01,1200,POINT (-71.07019 42.33401),50.0,1,STOPPED_AT,2024-06-01 21:34:54-04:00,23391,0.0,MANY_SEATS_AVAILABLE,MBTA-vehicle-1717292097,2024-06-01 21:49:00-04:00,-1 days +23:45:54,149.0676616367472
y1200,61885995,y1200,0 days 21:49:00,2024-06-01,1200,POINT (-71.074135 42.35016),250.0,1,STOPPED_AT,2024-06-01 21:42:08-04:00,23391,0.0,MANY_SEATS_AVAILABLE,MBTA-vehicle-1717292532,2024-06-01 21:49:00-04:00,-1 days +23:53:08,776.3674568289532
y1200,61885995,y1200,0 days 21:49:00,2024-06-01,1200,POINT (-71.06721 42.335186),81.0,1,STOPPED_AT,2024-06-01 21:35:10-04:00,23391,0.0,MANY_SEATS_AVAILABLE,MBTA-vehicle-1717292112,2024-06-01 21:49:00-04:00,-1 days +23:46:10,149.0676616367472
y1200,61885995,y1200,0 days 21:49:00,2024-06-01,1200,POINT (-71.06487 42.335415),47.0,1,STOPPED_AT,2024-06-01 21:35:26-04:00,23391,0.0,MANY_SEATS_AVAILABLE,MBTA-vehicle-1717292128,2024-06-01 21:49:00-04:00,-1 days +23:46:26,149.0676616367472
y1200,61885995,y1200,0 days 21:49:00,2024-06-01,1200,POINT (-71.074776 42.35007),0.0,1,STOPPED_AT,2024-06-01 21:42:23-04:00,23391,0.0,MANY_SEATS_AVAILABLE,MBTA-vehicle-1717292547,2024-06-01 21:49:00-04:00,-1 days +23:53:23,847.822900098173
y1200,61885995,y1200,0 days 21:49:00,2024-06-01,1200,POINT (-71.06458 42.33709),19.0,1,STOPPED_AT,2024-06-01 21:35:41-04:00,23391,0.0,MANY_SEATS_AVAILABLE,MBTA-vehicle-1717292142,2024-06-01 21:49:00-04:00,-1 days +23:46:41,222.18823573391302
y1200,61885995,y1200,0 days 21:49:00,2024-06-01,1200,POINT (-71.06361 42.339005),20.0,1,STOPPED_AT,2024-06-01 21:35:54-04:00,23391,0.0,MANY_SEATS_AVAILABLE,MBTA-vehicle-1717292157,2024-06-01 21:49:00-04:00,-1 days +23:46:54,394.34995381206016
y1200,61885995,y1200,0 days 21:49:00,2024-06-01,1200,POINT (-71.07479 42.350048),0.0,1,STOPPED_AT,2024-06-01 21:42:36-04:00,23391,0.0,MANY_SEATS_AVAILABLE,MBTA-vehicle-1717292562,2024-06-01 21:49:00-04:00,-1 days +23:53:36,849.9422547891044
y1200,61885995,y1200,0 days 21:49:00,2024-06-01,1200,POINT (-71.07479 42.350048),0.0,1,STOPPED_AT,2024-06-01 21:42:36-04:00,23391,0.0,MANY_SEATS_AVAILABLE,MBTA-vehicle-1717292576,2024-06-01 21:49:00-04:00,-1 days +23:53:36,849.9422547891044
y1200,61885995,y1200,0 days 21:49:00,2024-06-01,1200,POINT (-71.074425 42.347603),0.0,1,STOPPED_AT,2024-06-01 21:48:26-04:00,23391,0.0,MANY_SEATS_AVAILABLE,MBTA-vehicle-1717292953,2024-06-01 21:49:00-04:00,-1 days +23:59:26,0.0
y1200,61885995,y1200,0 days 21:49:00,2024-06-01,1200,POINT (-71.1001 42.33612),227.0,9,STOPPED_AT,2024-06-01 22:02:36-04:00,91391,0.0,MANY_SEATS_AVAILABLE,MBTA-vehicle-1717293763,2024-06-01 21:49:00-04:00,0 days 00:13:36,4100.896815843497
y1200,61885995,y1200,0 days 21:49:00,2024-06-01,1200,POINT (-71.07465 42.349716),137.0,1,STOPPED_AT,2024-06-01 21:43:05-04:00,23391,0.0,MANY_SEATS_AVAILABLE,MBTA-vehicle-1717292592,2024-06-01 21:49:00-04:00,-1 days +23:54:05,844.1325008283641
y1200,61885995,y1200,0 days 21:49:00,2024-06-01,1200,POINT (-71.073814 42.34754),80.0,1,STOPPED_AT,2024-06-01 21:49:25-04:00,23391,0.0,MANY_SEATS_AVAILABLE,MBTA-vehicle-1717292967,2024-06-01 21:49:00-04:00,0 days 00:00:25,92.14075246070931
y1200,61885995,y1200,0 days 21:49:00,2024-06-01,1200,POINT (-71.10107 42.335693),237.0,9,STOPPED_AT,2024-06-01 22:02:56-04:00,91391,0.0,MANY_SEATS_AVAILABLE,MBTA-vehicle-1717293778,2024-06-01 21:49:00-04:00,0 days 00:13:56,4219.510719596992
y1200,61885995,y1200,0 days 21:49:00,2024-06-01,1200,POINT (-71.07439 42.349144),216.0,1,STOPPED_AT,2024-06-01 21:43:25-04:00,23391,0.0,MANY_SEATS_AVAILABLE,MBTA-vehicle-1717292607,2024-06-01 21:49:00-04:00,-1 days +23:54:25,832.0070946042053
y1200,61885995,y1200,0 days 21:49:00,2024-06-01,1200,POINT (-71.073685 42.34758),128.0,2,IN_TRANSIT_TO,2024-06-01 21:49:39-04:00,173,0.0,MANY_SEATS_AVAILABLE,MBTA-vehicle-1717292983,2024-06-01 21:49:00-04:00,0 days 00:00:39,108.45271354714556
y1200,61885995,y1200,0 days 21:49:00,2024-06-01,1200,POINT (-71.10272 42.3352),249.0,10,IN_TRANSIT_TO,2024-06-01 22:03:09-04:00,92391,0.0,MANY_SEATS_AVAILABLE,MBTA-vehicle-1717293794,2024-06-01 21:49:00-04:00,0 days 00:14:09,4410.587837048699
y1200,61885995,y1200,0 days 21:49:00,2024-06-01,1200,POINT (-71.074326 42.349167),0.0,1,STOPPED_AT,2024-06-01 21:43:28-04:00,23391,0.0,MANY_SEATS_AVAILABLE,MBTA-vehicle-1717292623,2024-06-01 21:49:00-04:00,-1 days +23:54:28,824.4812194446167
y1200,61885995,y1200,0 days 21:49:00,2024-06-01,1200,POINT (-71.073105 42.34753),40.0,2,IN_TRANSIT_TO,2024-06-01 21:49:54-04:00,173,0.0,MANY_SEATS_AVAILABLE,MBTA-vehicle-1717292998,2024-06-01 21:49:00-04:00,0 days 00:00:54,205.70857330691354
y1200,61885995,y1200,0 days 21:49:00,2024-06-01,1200,POINT (-71.1032 42.33502),241.0,10,STOPPED_AT,2024-06-01 22:03:25-04:00,92391,0.0,MANY_SEATS_AVAILABLE,MBTA-vehicle-1717293808,2024-06-01 21:49:00-04:00,0 days 00:14:25,4466.908245319636
y1200,61885995,y1200,0 days 21:49:00,2024-06-01,1200,POINT (-71.074 42.34842),162.0,1,STOPPED_AT,2024-06-01 21:43:56-04:00,23391,0.0,MANY_SEATS_AVAILABLE,MBTA-vehicle-1717292637,2024-06-01 21:49:00-04:00,-1 days +23:54:56,81.46993321517752
y1200,61885995,y1200,0 days 21:49:00,2024-06-01,1200,POINT (-71.07194 42.348553),41.0,2,IN_TRANSIT_TO,2024-06-01 21:50:10-04:00,173,0.0,MANY_SEATS_AVAILABLE,MBTA-vehicle-1717293013,2024-06-01 21:49:00-04:00,0 days 00:01:10,377.86136034793
y1200,61885995,y1200,0 days 21:49:00,2024-06-01,1200,POINT (-71.104416 42.334553),245.0,11,IN_TRANSIT_TO,2024-06-01 22:03:37-04:00,1363,0.0,MANY_SEATS_AVAILABLE,MBTA-vehicle-1717293823,2024-06-01 21:49:00-04:00,0 days 00:14:37,4611.522886688375
y1200,61885995,y1200,0 days 21:49:00,2024-06-01,1200,POINT (-71.07181 42.348644),0.0,2,IN_TRANSIT_TO,2024-06-01 21:50:22-04:00,173,0.0,MANY_SEATS_AVAILABLE,MBTA-vehicle-1717293028,2024-06-01 21:49:00-04:00,0 days 00:01:22,394.7012535843903
y1200,61885995,y1200,0 days 21:49:00,2024-06-01,1200,POINT (-71.104706 42.33441),0.0,11,IN_TRANSIT_TO,2024-06-01 22:03:49-04:00,1363,0.0,MANY_SEATS_AVAILABLE,MBTA-vehicle-1717293838,2024-06-01 21:49:00-04:00,0 days 00:14:49,4647.003153376654
y1200,61885995,y1200,0 days 21:49:00,2024-06-01,1200,POINT (-71.07393 42.347733),243.0,1,STOPPED_AT,2024-06-01 21:44:07-04:00,23391,0.0,MANY_SEATS_AVAILABLE,MBTA-vehicle-1717292652,2024-06-01 21:49:00-04:00,-1 days +23:55:07,81.48492558331255
y1200,61885995,y1200,0 days 21:49:00,2024-06-01,1200,POINT (-71.07181 42.348644),0.0,2,IN_TRANSIT_TO,2024-06-01 21:50:22-04:00,173,0.0,MANY_SEATS_AVAILABLE,MBTA-vehicle-1717293042,2024-06-01 21:49:00-04:00,0 days 00:01:22,394.7012535843903
y1200,61885995,y1200,0 days 21:49:00,2024-06-01,1200,POINT (-71.104706 42.33441),0.0,11,IN_TRANSIT_TO,2024-06-01 22:03:49-04:00,1363,0.0,MANY_SEATS_AVAILABLE,MBTA-vehicle-1717293854,2024-06-01 21:49:00-04:00,0 days 00:14:49,4647.003153376654
y1200,61885995,y1200,0 days 21:49:00,2024-06-01,1200,POINT (-71.07449 42.347775),7.0,1,STOPPED_AT,2024-06-01 21:44:23-04:00,23391,0.0,MANY_SEATS_AVAILABLE,MBTA-vehicle-1717292667,2024-06-01 21:49:00-04:00,-1 days +23:55:23,0.0
y1200,61885995,y1200,0 days 21:49:00,2024-06-01,1200,POINT (-71.1047 42.334415),0.0,11,IN_TRANSIT_TO,2024-06-01 22:04:04-04:00,1363,0.0,MANY_SEATS_AVAILABLE,MBTA-vehicle-1717293868,2024-06-01 21:49:00-04:00,0 days 00:15:04,4646.171928543407
y1200,61885995,y1200,0 days 21:49:00,2024-06-01,1200,POINT (-71.07181 42.348644),0.0,2,IN_TRANSIT_TO,2024-06-01 21:50:22-04:00,173,0.0,MANY_SEATS_AVAILABLE,MBTA-vehicle-1717293058,2024-06-01 21:49:00-04:00,0 days 00:01:22,394.7012535843903
y1200,61885995,y1200,0 days 21:49:00,2024-06-01,1200,POINT (-71.07452 42.347637),174.0,1,STOPPED_AT,2024-06-01 21:44:35-04:00,23391,0.0,MANY_SEATS_AVAILABLE,MBTA-vehicle-1717292681,2024-06-01 21:49:00-04:00,-1 days +23:55:35,0.0
y1200,61885995,y1200,0 days 21:49:00,2024-06-01,1200,POINT (-71.1047 42.334415),0.0,11,IN_TRANSIT_TO,2024-06-01 22:04:04-04:00,1363,0.0,MANY_SEATS_AVAILABLE,MBTA-vehicle-1717293883,2024-06-01 21:49:00-04:00,0 days 00:15:04,4646.171928543407
y1200,61885995,y1200,0 days 21:49:00,2024-06-01,1200,POINT (-71.07449 42.347595),0.0,1,STOPPED_AT,2024-06-01 21:44:40-04:00,23391,0.0,MANY_SEATS_AVAILABLE,MBTA-vehicle-1717292697,2024-06-01 21:49:00-04:00,-1 days +23:55:40,0.0
y1200,61885995,y1200,0 days 21:49:00,2024-06-01,1200,POINT (-71.07193 42.348923),339.0,2,IN_TRANSIT_TO,2024-06-01 21:51:09-04:00,173,0.0,MANY_SEATS_AVAILABLE,MBTA-vehicle-1717293073,2024-06-01 21:49:00-04:00,0 days 00:02:09,428.4059037301391
y1200,61885995,y1200,0 days 21:49:00,2024-06-01,1200,POINT (-71.10478 42.334335),241.0,11,IN_TRANSIT_TO,2024-06-01 22:04:54-04:00,1363,0.0,MANY_SEATS_AVAILABLE,MBTA-vehicle-1717293899,2024-06-01 21:49:00-04:00,0 days 00:15:54,4657.835421773067
y1200,61885995,y1200,0 days 21:49:00,2024-06-01,1200,POINT (-71.07449 42.347595),0.0,1,STOPPED_AT,2024-06-01 21:44:40-04:00,23391,0.0,MANY_SEATS_AVAILABLE,MBTA-vehicle-1717292712,2024-06-01 21:49:00-04:00,-1 days +23:55:40,0.0
y1200,61885995,y1200,0 days 21:49:00,2024-06-01,1200,POINT (-71.07215 42.349434),0.0,2,IN_TRANSIT_TO,2024-06-01 21:51:26-04:00,173,0.0,MANY_SEATS_AVAILABLE,MBTA-vehicle-1717293088,2024-06-01 21:49:00-04:00,0 days 00:02:26,490.2173632961641
y1200,61885995,y1200,0 days 21:49:00,2024-06-01,1200,POINT (-71.10588 42.33371),235.0,11,IN_TRANSIT_TO,2024-06-01 22:05:09-04:00,1363,0.0,MANY_SEATS_AVAILABLE,MBTA-vehicle-1717293913,2024-06-01 21:49:00-04:00,0 days 00:16:09,4797.711733210211
y1200,61885995,y1200,0 days 21:49:00,2024-06-01,1200,POINT (-71.07449 42.347595),0.0,1,STOPPED_AT,2024-06-01 21:44:40-04:00,23391,0.0,MANY_SEATS_AVAILABLE,MBTA-vehicle-1717292727,2024-06-01 21:49:00-04:00,-1 days +23:55:40,0.0
y1200,61885995,y1200,0 days 21:49:00,2024-06-01,1200,POINT (-71.07215 42.349434),0.0,2,IN_TRANSIT_TO,2024-06-01 21:51:26-04:00,173,0.0,MANY_SEATS_AVAILABLE,MBTA-vehicle-1717293103,2024-06-01 21:49:00-04:00,0 days 00:02:26,490.2173632961641
y1200,61885995,y1200,0 days 21:49:00,2024-06-01,1200,POINT (-71.07449 42.347595),0.0,1,STOPPED_AT,2024-06-01 21:44:40-04:00,23391,0.0,MANY_SEATS_AVAILABLE,MBTA-vehicle-1717292742,2024-06-01 21:49:00-04:00,-1 days +23:55:40,0.0
y1200,61885995,y1200,0 days 21:49:00,2024-06-01,1200,POINT (-71.10597 42.333683),224.0,11,STOPPED_AT,2024-06-01 22:05:26-04:00,1363,0.0,MANY_SEATS_AVAILABLE,MBTA-vehicle-1717293929,2024-06-01 21:49:00-04:00,0 days 00:16:26,4807.924837655866
y1200,61885995,y1200,0 days 21:49:00,2024-06-01,1200,POINT (-71.07449 42.347595),0.0,1,STOPPED_AT,2024-06-01 21:44:40-04:00,23391,0.0,MANY_SEATS_AVAILABLE,MBTA-vehicle-1717292757,2024-06-01 21:49:00-04:00,-1 days +23:55:40,0.0
y1200,61885995,y1200,0 days 21:49:00,2024-06-01,1200,POINT (-71.072174 42.34944),0.0,2,IN_TRANSIT_TO,2024-06-01 21:51:50-04:00,173,0.0,MANY_SEATS_AVAILABLE,MBTA-vehicle-1717293118,2024-06-01 21:49:00-04:00,0 days 00:02:50,491.97518946930023
y1200,61885995,y1200,0 days 21:49:00,2024-06-01,1200,POINT (-71.10708 42.333416),273.0,11,STOPPED_AT,2024-06-01 22:05:37-04:00,1363,0.0,MANY_SEATS_AVAILABLE,MBTA-vehicle-1717293943,2024-06-01 21:49:00-04:00,0 days 00:16:37,4944.358541854063
y1200,61885995,y1200,0 days 21:49:00,2024-06-01,1200,POINT (-71.072174 42.34944),0.0,2,IN_TRANSIT_TO,2024-06-01 21:51:50-04:00,173,0.0,MANY_SEATS_AVAILABLE,MBTA-vehicle-1717293133,2024-06-01 21:49:00-04:00,0 days 00:02:50,491.97518946930023
y1200,61885995,y1200,0 days 21:49:00,2024-06-01,1200,POINT (-71.10601 42.33365),270.0,12,IN_TRANSIT_TO,2024-06-01 22:05:55-04:00,1365,0.0,MANY_SEATS_AVAILABLE,MBTA-vehicle-1717293958,2024-06-01 21:49:00-04:00,0 days 00:16:55,4813.589324360332
y1200,61885995,y1200,0 days 21:49:00,2024-06-01,1200,POINT (-71.07271 42.350243),353.0,2,IN_TRANSIT_TO,2024-06-01 21:52:24-04:00,173,0.0,MANY_SEATS_AVAILABLE,MBTA-vehicle-1717293147,2024-06-01 21:49:00-04:00,0 days 00:03:24,598.1364479991212
y1200,61885995,y1200,0 days 21:49:00,2024-06-01,1200,POINT (-71.07449 42.347595),0.0,1,STOPPED_AT,2024-06-01 21:44:40-04:00,23391,0.0,MANY_SEATS_AVAILABLE,MBTA-vehicle-1717292772,2024-06-01 21:49:00-04:00,-1 days +23:55:40,0.0
y1200,61885995,y1200,0 days 21:49:00,2024-06-01,1200,POINT (-71.07449 42.347595),0.0,1,STOPPED_AT,2024-06-01 21:44:40-04:00,23391,0.0,MANY_SEATS_AVAILABLE,MBTA-vehicle-1717292788,2024-06-01 21:49:00-04:00,-1 days +23:55:40,0.0
y1200,61885995,y1200,0 days 21:49:00,2024-06-01,1200,POINT (-71.07374 42.350273),264.0,2,IN_TRANSIT_TO,2024-06-01 21:52:41-04:00,173,0.0,MANY_SEATS_AVAILABLE,MBTA-vehicle-1717293163,2024-06-01 21:49:00-04:00,0 days 00:03:41,730.7222316268692
y1200,61885995,y1200,0 days 21:49:00,2024-06-01,1200,POINT (-71.1081 42.3333),270.0,12,IN_TRANSIT_TO,2024-06-01 22:06:10-04:00,1365,0.0,MANY_SEATS_AVAILABLE,MBTA-vehicle-1717293973,2024-06-01 21:49:00-04:00,0 days 00:17:10,5058.002560441609
y1200,61885995,y1200,0 days 21:49:00,2024-06-01,1200,POINT (-71.07481 42.349857),0.0,2,STOPPED_AT,2024-06-01 21:52:53-04:00,173,0.0,MANY_SEATS_AVAILABLE,MBTA-vehicle-1717293177,2024-06-01 21:49:00-04:00,0 days 00:03:53,857.4630756136261
y1200,61885995,y1200,0 days 21:49:00,2024-06-01,1200,POINT (-71.108315 42.333347),0.0,12,IN_TRANSIT_TO,2024-06-01 22:06:23-04:00,1365,0.0,MANY_SEATS_AVAILABLE,MBTA-vehicle-1717293989,2024-06-01 21:49:00-04:00,0 days 00:17:23,5081.959775802405
y1200,61885995,y1200,0 days 21:49:00,2024-06-01,1200,POINT (-71.07449 42.347595),0.0,1,STOPPED_AT,2024-06-01 21:44:40-04:00,23391,0.0,MANY_SEATS_AVAILABLE,MBTA-vehicle-1717292803,2024-06-01 21:49:00-04:00,-1 days +23:55:40,0.0
y1200,61885995,y1200,0 days 21:49:00,2024-06-01,1200,POINT (-71.07481 42.349857),0.0,2,STOPPED_AT,2024-06-01 21:52:53-04:00,173,0.0,MANY_SEATS_AVAILABLE,MBTA-vehicle-1717293193,2024-06-01 21:49:00-04:00,0 days 00:03:53,857.4630756136261
y1200,61885995,y1200,0 days 21:49:00,2024-06-01,1200,POINT (-71.10835 42.33334),0.0,12,IN_TRANSIT_TO,2024-06-01 22:06:35-04:00,1365,0.0,MANY_SEATS_AVAILABLE,MBTA-vehicle-1717294003,2024-06-01 21:49:00-04:00,0 days 00:17:35,5085.839796150886
y1200,61885995,y1200,0 days 21:49:00,2024-06-01,1200,POINT (-71.07449 42.347595),0.0,1,STOPPED_AT,2024-06-01 21:44:40-04:00,23391,0.0,MANY_SEATS_AVAILABLE,MBTA-vehicle-1717292818,2024-06-01 21:49:00-04:00,-1 days +23:55:40,0.0
y1200,61885995,y1200,0 days 21:49:00,2024-06-01,1200,POINT (-71.07449 42.347595),0.0,1,STOPPED_AT,2024-06-01 21:44:40-04:00,23391,0.0,MANY_SEATS_AVAILABLE,MBTA-vehicle-1717292833,2024-06-01 21:49:00-04:00,-1 days +23:55:40,0.0
y1200,61885995,y1200,0 days 21:49:00,2024-06-01,1200,POINT (-71.07481 42.349857),0.0,2,STOPPED_AT,2024-06-01 21:52:53-04:00,173,0.0,MANY_SEATS_AVAILABLE,MBTA-vehicle-1717293208,2024-06-01 21:49:00-04:00,0 days 00:03:53,857.4630756136261
y1200,61885995,y1200,0 days 21:49:00,2024-06-01,1200,POINT (-71.10835 42.33334),0.0,12,IN_TRANSIT_TO,2024-06-01 22:06:54-04:00,1365,0.0,MANY_SEATS_AVAILABLE,MBTA-vehicle-1717294018,2024-06-01 21:49:00-04:00,0 days 00:17:54,5085.839796150886
y1200,61885995,y1200,0 days 21:49:00,2024-06-01,1200,POINT (-71.07454 42.34761),180.0,1,STOPPED_AT,2024-06-01 21:47:19-04:00,23391,0.0,MANY_SEATS_AVAILABLE,MBTA-vehicle-1717292848,2024-06-01 21:49:00-04:00,-1 days +23:58:19,0.0
y1200,61885995,y1200,0 days 21:49:00,2024-06-01,1200,POINT (-71.07454 42.34761),180.0,1,STOPPED_AT,2024-06-01 21:47:19-04:00,23391,0.0,MANY_SEATS_AVAILABLE,MBTA-vehicle-1717292862,2024-06-01 21:49:00-04:00,-1 days +23:58:19,0.0
y1200,61885995,y1200,0 days 21:49:00,2024-06-01,1200,POINT (-71.075066 42.349743),265.0,2,STOPPED_AT,2024-06-01 21:53:37-04:00,173,0.0,MANY_SEATS_AVAILABLE,MBTA-vehicle-1717293223,2024-06-01 21:49:00-04:00,0 days 00:04:37,888.0261148474037
y1200,61885995,y1200,0 days 21:49:00,2024-06-01,1200,POINT (-71.10911 42.33334),270.0,12,STOPPED_AT,2024-06-01 22:07:11-04:00,1365,0.0,MANY_SEATS_AVAILABLE,MBTA-vehicle-1717294034,2024-06-01 21:49:00-04:00,0 days 00:18:11,5169.35421721805
y1200,61885995,y1200,0 days 21:49:00,2024-06-01,1200,POINT (-71.07642 42.349567),254.0,3,IN_TRANSIT_TO,2024-06-01 21:53:56-04:00,178,0.0,MANY_SEATS_AVAILABLE,MBTA-vehicle-1717293238,2024-06-01 21:49:00-04:00,0 days 00:04:56,1038.902396296599
y1200,61885995,y1200,0 days 21:49:00,2024-06-01,1200,POINT (-71.10913 42.333336),0.0,12,STOPPED_AT,2024-06-01 22:07:14-04:00,1365,0.0,MANY_SEATS_AVAILABLE,MBTA-vehicle-1717294049,2024-06-01 21:49:00-04:00,0 days 00:18:14,5171.6032794407565
y1200,61885995,y1200,0 days 21:49:00,2024-06-01,1200,POINT (-71.07657 42.349514),0.0,3,STOPPED_AT,2024-06-01 21:54:07-04:00,178,0.0,MANY_SEATS_AVAILABLE,MBTA-vehicle-1717293253,2024-06-01 21:49:00-04:00,0 days 00:05:07,1055.9159792301818
y1200,61885995,y1200,0 days 21:49:00,2024-06-01,1200,POINT (-71.07454 42.34761),180.0,1,STOPPED_AT,2024-06-01 21:47:19-04:00,23391,0.0,MANY_SEATS_AVAILABLE,MBTA-vehicle-1717292878,2024-06-01 21:49:00-04:00,-1 days +23:58:19,0.0
y1200,61885995,y1200,0 days 21:49:00,2024-06-01,1200,POINT (-71.110435 42.33302),241.0,12,STOPPED_AT,2024-06-01 22:07:38-04:00,1365,0.0,MANY_SEATS_AVAILABLE,MBTA-vehicle-1717294063,2024-06-01 21:49:00-04:00,0 days 00:18:38,5318.400758874139
y1200,61885995,y1200,0 days 21:49:00,2024-06-01,1200,POINT (-71.07637 42.34947),270.0,3,STOPPED_AT,2024-06-01 21:54:24-04:00,178,0.0,MANY_SEATS_AVAILABLE,MBTA-vehicle-1717293268,2024-06-01 21:49:00-04:00,0 days 00:05:24,1036.0848402863594
y1200,61885995,y1200,0 days 21:49:00,2024-06-01,1200,POINT (-71.07454 42.34761),180.0,1,STOPPED_AT,2024-06-01 21:47:19-04:00,23391,0.0,MANY_SEATS_AVAILABLE,MBTA-vehicle-1717292893,2024-06-01 21:49:00-04:00,-1 days +23:58:19,0.0
y1200,61885995,y1200,0 days 21:49:00,2024-06-01,1200,POINT (-71.11096 42.332737),233.0,13,IN_TRANSIT_TO,2024-06-01 22:07:54-04:00,21365,0.0,MANY_SEATS_AVAILABLE,MBTA-vehicle-1717294079,2024-06-01 21:49:00-04:00,0 days 00:18:54,5384.013149991589
y1200,61885995,y1200,0 days 21:49:00,2024-06-01,1200,POINT (-71.076706 42.349396),192.0,3,STOPPED_AT,2024-06-01 21:54:38-04:00,178,0.0,MANY_SEATS_AVAILABLE,MBTA-vehicle-1717293283,2024-06-01 21:49:00-04:00,0 days 00:05:38,1074.0330968436504
y1200,61885995,y1200,0 days 21:49:00,2024-06-01,1200,POINT (-71.11168 42.332233),218.0,13,IN_TRANSIT_TO,2024-06-01 22:08:10-04:00,21365,0.0,MANY_SEATS_AVAILABLE,MBTA-vehicle-1717294093,2024-06-01 21:49:00-04:00,0 days 00:19:10,5481.186996576795
y1200,61885995,y1200,0 days 21:49:00,2024-06-01,1200,POINT (-71.07674 42.349335),0.0,3,STOPPED_AT,2024-06-01 21:54:52-04:00,178,0.0,MANY_SEATS_AVAILABLE,MBTA-vehicle-1717293298,2024-06-01 21:49:00-04:00,0 days 00:05:52,1080.089321150386
y1200,61885995,y1200,0 days 21:49:00,2024-06-01,1200,POINT (-71.074425 42.347603),0.0,1,STOPPED_AT,2024-06-01 21:48:26-04:00,23391,0.0,MANY_SEATS_AVAILABLE,MBTA-vehicle-1717292908,2024-06-01 21:49:00-04:00,-1 days +23:59:26,0.0
y1200,61885995,y1200,0 days 21:49:00,2024-06-01,1200,POINT (-71.11175 42.332188),227.0,13,IN_TRANSIT_TO,2024-06-01 22:08:23-04:00,21365,0.0,MANY_SEATS_AVAILABLE,MBTA-vehicle-1717294109,2024-06-01 21:49:00-04:00,0 days 00:19:23,5490.432336764775
y1200,61885995,y1200,0 days 21:49:00,2024-06-01,1200,POINT (-71.074425 42.347603),0.0,1,STOPPED_AT,2024-06-01 21:48:26-04:00,23391,0.0,MANY_SEATS_AVAILABLE,MBTA-vehicle-1717292922,2024-06-01 21:49:00-04:00,-1 days +23:59:26,0.0
y1200,61885995,y1200,0 days 21:49:00,2024-06-01,1200,POINT (-71.111885 42.332134),0.0,13,STOPPED_AT,2024-06-01 22:08:38-04:00,21365,0.0,MANY_SEATS_AVAILABLE,MBTA-vehicle-1717294124,2024-06-01 21:49:00-04:00,0 days 00:19:38,5507.117812537919
y1200,61885995,y1200,0 days 21:49:00,2024-06-01,1200,POINT (-71.07772 42.348515),224.0,4,IN_TRANSIT_TO,2024-06-01 21:55:09-04:00,11388,0.0,MANY_SEATS_AVAILABLE,MBTA-vehicle-1717293313,2024-06-01 21:49:00-04:00,0 days 00:06:09,1225.883342427853
y1200,61885995,y1200,0 days 21:49:00,2024-06-01,1200,POINT (-71.074425 42.347603),0.0,1,STOPPED_AT,2024-06-01 21:48:26-04:00,23391,0.0,MANY_SEATS_AVAILABLE,MBTA-vehicle-1717292937,2024-06-01 21:49:00-04:00,-1 days +23:59:26,0.0
y1200,61885995,y1200,0 days 21:49:00,2024-06-01,1200,POINT (-71.111885 42.332134),0.0,13,STOPPED_AT,2024-06-01 22:08:38-04:00,21365,0.0,MANY_SEATS_AVAILABLE,MBTA-vehicle-1717294139,2024-06-01 21:49:00-04:00,0 days 00:19:38,5507.117812537919
y1200,61885995,y1200,0 days 21:49:00,2024-06-01,1200,POINT (-71.1135 42.316944),204.0,19,STOPPED_AT,2024-06-01 22:16:07-04:00,1161,0.0,MANY_SEATS_AVAILABLE,MBTA-vehicle-1717294574,2024-06-01 21:49:00-04:00,0 days 00:27:07,7338.597891842537
y1200,61885995,y1200,0 days 21:49:00,2024-06-01,1200,POINT (-71.113686 42.31669),203.0,19,STOPPED_AT,2024-06-01 22:16:27-04:00,1161,0.0,MANY_SEATS_AVAILABLE,MBTA-vehicle-1717294589,2024-06-01 21:49:00-04:00,0 days 00:27:27,7373.323097790333
y1200,61885995,y1200,0 days 21:49:00,2024-06-01,1200,POINT (-71.079155 42.347538),228.0,4,IN_TRANSIT_TO,2024-06-01 21:55:26-04:00,11388,0.0,MANY_SEATS_AVAILABLE,MBTA-vehicle-1717293328,2024-06-01 21:49:00-04:00,0 days 00:06:26,1417.7528990892845
y1200,61885995,y1200,0 days 21:49:00,2024-06-01,1200,POINT (-71.111885 42.332134),0.0,13,STOPPED_AT,2024-06-01 22:08:38-04:00,21365,0.0,MANY_SEATS_AVAILABLE,MBTA-vehicle-1717294154,2024-06-01 21:49:00-04:00,0 days 00:19:38,5507.117812537919
y1200,61885995,y1200,0 days 21:49:00,2024-06-01,1200,POINT (-71.07948 42.347515),0.0,4,IN_TRANSIT_TO,2024-06-01 21:55:38-04:00,11388,0.0,MANY_SEATS_AVAILABLE,MBTA-vehicle-1717293343,2024-06-01 21:49:00-04:00,0 days 00:06:38,1446.5666872890959
y1200,61885995,y1200,0 days 21:49:00,2024-06-01,1200,POINT (-71.11417 42.315304),182.0,20,IN_TRANSIT_TO,2024-06-01 22:16:42-04:00,1164,0.0,MANY_SEATS_AVAILABLE,MBTA-vehicle-1717294604,2024-06-01 21:49:00-04:00,0 days 00:27:42,7537.067862777161
y1200,61885995,y1200,0 days 21:49:00,2024-06-01,1200,POINT (-71.11411 42.314095),181.0,20,IN_TRANSIT_TO,2024-06-01 22:16:56-04:00,1164,0.0,MANY_SEATS_AVAILABLE,MBTA-vehicle-1717294619,2024-06-01 21:49:00-04:00,0 days 00:27:56,7671.201093001416
y1200,61885995,y1200,0 days 21:49:00,2024-06-01,1200,POINT (-71.111885 42.332134),0.0,13,STOPPED_AT,2024-06-01 22:08:38-04:00,21365,0.0,MANY_SEATS_AVAILABLE,MBTA-vehicle-1717294169,2024-06-01 21:49:00-04:00,0 days 00:19:38,5507.117812537919
y1200,61885995,y1200,0 days 21:49:00,2024-06-01,1200,POINT (-71.11416 42.313293),173.0,20,STOPPED_AT,2024-06-01 22:17:07-04:00,1164,0.0,MANY_SEATS_AVAILABLE,MBTA-vehicle-1717294634,2024-06-01 21:49:00-04:00,0 days 00:28:07,7760.705796334395
y1200,61885995,y1200,0 days 21:49:00,2024-06-01,1200,POINT (-71.079666 42.346943),180.0,4,IN_TRANSIT_TO,2024-06-01 21:55:57-04:00,11388,0.0,MANY_SEATS_AVAILABLE,MBTA-vehicle-1717293358,2024-06-01 21:49:00-04:00,0 days 00:06:57,1503.5552058101428
y1200,61885995,y1200,0 days 21:49:00,2024-06-01,1200,POINT (-71.08088 42.34603),222.0,4,IN_TRANSIT_TO,2024-06-01 21:56:10-04:00,11388,0.0,MANY_SEATS_AVAILABLE,MBTA-vehicle-1717293373,2024-06-01 21:49:00-04:00,0 days 00:07:10,1672.4001102648429
y1200,61885995,y1200,0 days 21:49:00,2024-06-01,1200,POINT (-71.11414 42.313435),0.0,20,STOPPED_AT,2024-06-01 22:17:13-04:00,1164,0.0,MANY_SEATS_AVAILABLE,MBTA-vehicle-1717294649,2024-06-01 21:49:00-04:00,0 days 00:28:13,7744.450453290604
y1200,61885995,y1200,0 days 21:49:00,2024-06-01,1200,POINT (-71.111885 42.33209),228.0,13,STOPPED_AT,2024-06-01 22:09:40-04:00,21365,0.0,MANY_SEATS_AVAILABLE,MBTA-vehicle-1717294184,2024-06-01 21:49:00-04:00,0 days 00:20:40,5509.445621267619
y1200,61885995,y1200,0 days 21:49:00,2024-06-01,1200,POINT (-71.114136 42.313347),170.0,20,STOPPED_AT,2024-06-01 22:17:42-04:00,1164,0.0,MANY_SEATS_AVAILABLE,MBTA-vehicle-1717294663,2024-06-01 21:49:00-04:00,0 days 00:28:42,7754.610375160386
y1200,61885995,y1200,0 days 21:49:00,2024-06-01,1200,POINT (-71.0816 42.34571),228.0,4,IN_TRANSIT_TO,2024-06-01 21:56:27-04:00,11388,0.0,MANY_SEATS_AVAILABLE,MBTA-vehicle-1717293389,2024-06-01 21:49:00-04:00,0 days 00:07:27,1757.9393890244867
y1200,61885995,y1200,0 days 21:49:00,2024-06-01,1200,POINT (-71.111984 42.331524),171.0,13,STOPPED_AT,2024-06-01 22:09:51-04:00,21365,0.0,MANY_SEATS_AVAILABLE,MBTA-vehicle-1717294199,2024-06-01 21:49:00-04:00,0 days 00:20:51,5580.152581790231
y1200,61885995,y1200,0 days 21:49:00,2024-06-01,1200,POINT (-71.08162 42.345734),0.0,4,IN_TRANSIT_TO,2024-06-01 21:56:41-04:00,11388,0.0,MANY_SEATS_AVAILABLE,MBTA-vehicle-1717293403,2024-06-01 21:49:00-04:00,0 days 00:07:41,1758.2356722693903
y1200,61885995,y1200,0 days 21:49:00,2024-06-01,1200,POINT (-71.081635 42.345737),0.0,4,IN_TRANSIT_TO,2024-06-01 21:56:49-04:00,11388,0.0,MANY_SEATS_AVAILABLE,MBTA-vehicle-1717293417,2024-06-01 21:49:00-04:00,0 days 00:07:49,1759.411948955523
y1200,61885995,y1200,0 days 21:49:00,2024-06-01,1200,POINT (-71.111725 42.330822),173.0,13,STOPPED_AT,2024-06-01 22:10:13-04:00,21365,0.0,MANY_SEATS_AVAILABLE,MBTA-vehicle-1717294214,2024-06-01 21:49:00-04:00,0 days 00:21:13,5663.073858228503
y1200,61885995,y1200,0 days 21:49:00,2024-06-01,1200,POINT (-71.11417 42.312763),184.0,20,STOPPED_AT,2024-06-01 22:17:55-04:00,1164,0.0,MANY_SEATS_AVAILABLE,MBTA-vehicle-1717294678,2024-06-01 21:49:00-04:00,0 days 00:28:55,7819.974422437159
y1200,61885995,y1200,0 days 21:49:00,2024-06-01,1200,POINT (-71.11433 42.3119),193.0,21,IN_TRANSIT_TO,2024-06-01 22:18:11-04:00,11164,0.0,MANY_SEATS_AVAILABLE,MBTA-vehicle-1717294693,2024-06-01 21:49:00-04:00,0 days 00:29:11,7918.721846835917
y1200,61885995,y1200,0 days 21:49:00,2024-06-01,1200,POINT (-71.082115 42.345417),234.0,4,STOPPED_AT,2024-06-01 21:57:10-04:00,11388,0.0,MANY_SEATS_AVAILABLE,MBTA-vehicle-1717293433,2024-06-01 21:49:00-04:00,0 days 00:08:10,1821.8923642445434
y1200,61885995,y1200,0 days 21:49:00,2024-06-01,1200,POINT (-71.11147 42.330265),168.0,14,IN_TRANSIT_TO,2024-06-01 22:10:24-04:00,22365,0.0,MANY_SEATS_AVAILABLE,MBTA-vehicle-1717294229,2024-06-01 21:49:00-04:00,0 days 00:21:24,5730.915301051294
y1200,61885995,y1200,0 days 21:49:00,2024-06-01,1200,POINT (-71.08283 42.344772),223.0,4,STOPPED_AT,2024-06-01 21:57:24-04:00,11388,0.0,MANY_SEATS_AVAILABLE,MBTA-vehicle-1717293448,2024-06-01 21:49:00-04:00,0 days 00:08:24,1928.79380260082
y1200,61885995,y1200,0 days 21:49:00,2024-06-01,1200,POINT (-71.08456 42.343216),220.0,5,IN_TRANSIT_TO,2024-06-01 21:57:39-04:00,31391,0.0,MANY_SEATS_AVAILABLE,MBTA-vehicle-1717293463,2024-06-01 21:49:00-04:00,0 days 00:08:39,2187.2320351121184
y1200,61885995,y1200,0 days 21:49:00,2024-06-01,1200,POINT (-71.11443 42.311726),196.0,21,STOPPED_AT,2024-06-01 22:18:26-04:00,11164,0.0,MANY_SEATS_AVAILABLE,MBTA-vehicle-1717294709,2024-06-01 21:49:00-04:00,0 days 00:29:26,7940.471380411473
y1200,61885995,y1200,0 days 21:49:00,2024-06-01,1200,POINT (-71.11139 42.32989),0.0,14,IN_TRANSIT_TO,2024-06-01 22:10:42-04:00,22365,0.0,MANY_SEATS_AVAILABLE,MBTA-vehicle-1717294244,2024-06-01 21:49:00-04:00,0 days 00:21:42,5772.189103099673
y1200,61885995,y1200,0 days 21:49:00,2024-06-01,1200,POINT (-71.08635 42.341736),225.0,5,IN_TRANSIT_TO,2024-06-01 21:57:55-04:00,31391,0.0,MANY_SEATS_AVAILABLE,MBTA-vehicle-1717293478,2024-06-01 21:49:00-04:00,0 days 00:08:55,2445.292600719113
y1200,61885995,y1200,0 days 21:49:00,2024-06-01,1200,POINT (-71.11139 42.32989),0.0,14,IN_TRANSIT_TO,2024-06-01 22:10:42-04:00,22365,0.0,MANY_SEATS_AVAILABLE,MBTA-vehicle-1717294259,2024-06-01 21:49:00-04:00,0 days 00:21:42,5772.189103099673
y1200,61885995,y1200,0 days 21:49:00,2024-06-01,1200,POINT (-71.114555 42.311382),249.0,21,STOPPED_AT,2024-06-01 22:18:39-04:00,11164,0.0,MANY_SEATS_AVAILABLE,MBTA-vehicle-1717294724,2024-06-01 21:49:00-04:00,0 days 00:29:39,7980.5607304445775
y1200,61885995,y1200,0 days 21:49:00,2024-06-01,1200,POINT (-71.11479 42.310753),196.0,21,STOPPED_AT,2024-06-01 22:18:57-04:00,11164,0.0,MANY_SEATS_AVAILABLE,MBTA-vehicle-1717294739,2024-06-01 21:49:00-04:00,0 days 00:29:57,8058.41201380396
y1200,61885995,y1200,0 days 21:49:00,2024-06-01,1200,POINT (-71.08685 42.341396),233.0,5,STOPPED_AT,2024-06-01 21:58:09-04:00,31391,0.0,MANY_SEATS_AVAILABLE,MBTA-vehicle-1717293494,2024-06-01 21:49:00-04:00,0 days 00:09:09,2513.372722242072
y1200,61885995,y1200,0 days 21:49:00,2024-06-01,1200,POINT (-71.111244 42.329353),0.0,14,STOPPED_AT,2024-06-01 22:11:09-04:00,22365,0.0,MANY_SEATS_AVAILABLE,MBTA-vehicle-1717294274,2024-06-01 21:49:00-04:00,0 days 00:22:09,5832.458561432815
y1200,61885995,y1200,0 days 21:49:00,2024-06-01,1200,POINT (-71.08708 42.341335),234.0,5,STOPPED_AT,2024-06-01 21:58:25-04:00,31391,0.0,MANY_SEATS_AVAILABLE,MBTA-vehicle-1717293508,2024-06-01 21:49:00-04:00,0 days 00:09:25,2540.858942978883
y1200,61885995,y1200,0 days 21:49:00,2024-06-01,1200,POINT (-71.11129 42.329384),278.0,14,STOPPED_AT,2024-06-01 22:11:23-04:00,22365,0.0,MANY_SEATS_AVAILABLE,MBTA-vehicle-1717294289,2024-06-01 21:49:00-04:00,0 days 00:22:23,5827.111051009544
y1200,61885995,y1200,0 days 21:49:00,2024-06-01,1200,POINT (-71.11535 42.30999),215.0,22,STOPPED_AT,2024-06-01 22:19:06-04:00,1939,0.0,MANY_SEATS_AVAILABLE,MBTA-vehicle-1717294754,2024-06-01 21:49:00-04:00,0 days 00:30:06,8167.533685102977
y1200,61885995,y1200,0 days 21:49:00,2024-06-01,1200,POINT (-71.08746 42.34087),225.0,6,IN_TRANSIT_TO,2024-06-01 21:58:39-04:00,41391,0.0,MANY_SEATS_AVAILABLE,MBTA-vehicle-1717293523,2024-06-01 21:49:00-04:00,0 days 00:09:39,2600.072951568215
y1200,61885995,y1200,0 days 21:49:00,2024-06-01,1200,POINT (-71.11106 42.32913),165.0,14,STOPPED_AT,2024-06-01 22:11:39-04:00,22365,0.0,MANY_SEATS_AVAILABLE,MBTA-vehicle-1717294303,2024-06-01 21:49:00-04:00,0 days 00:22:39,5864.595139651663
y1200,61885995,y1200,0 days 21:49:00,2024-06-01,1200,POINT (-71.08794 42.340782),233.0,6,IN_TRANSIT_TO,2024-06-01 21:58:53-04:00,41391,0.0,MANY_SEATS_AVAILABLE,MBTA-vehicle-1717293538,2024-06-01 21:49:00-04:00,0 days 00:09:53,2653.329714068146
y1200,61885995,y1200,0 days 21:49:00,2024-06-01,1200,POINT (-71.11559 42.30849),185.0,23,STOPPED_AT,2024-06-01 22:19:24-04:00,99991,0.0,MANY_SEATS_AVAILABLE,MBTA-vehicle-1717294769,2024-06-01 21:49:00-04:00,0 days 00:30:24,8336.229788500623
y1200,61885995,y1200,0 days 21:49:00,2024-06-01,1200,POINT (-71.11094 42.327602),195.0,15,IN_TRANSIT_TO,2024-06-01 22:11:56-04:00,31365,0.0,MANY_SEATS_AVAILABLE,MBTA-vehicle-1717294319,2024-06-01 21:49:00-04:00,0 days 00:22:56,6049.433684737959
y1200,61885995,y1200,0 days 21:49:00,2024-06-01,1200,POINT (-71.0889 42.340458),241.0,6,STOPPED_AT,2024-06-01 21:59:07-04:00,41391,0.0,MANY_SEATS_AVAILABLE,MBTA-vehicle-1717293554,2024-06-01 21:49:00-04:00,0 days 00:10:07,2765.8062727431634
y1200,61885995,y1200,0 days 21:49:00,2024-06-01,1200,POINT (-71.115654 42.308258),0.0,23,STOPPED_AT,2024-06-01 22:19:36-04:00,99991,0.0,MANY_SEATS_AVAILABLE,MBTA-vehicle-1717294784,2024-06-01 21:49:00-04:00,0 days 00:30:36,8361.513841947975
y1200,61885995,y1200,0 days 21:49:00,2024-06-01,1200,POINT (-71.115456 42.306984),169.0,23,STOPPED_AT,2024-06-01 22:19:56-04:00,99991,0.0,MANY_SEATS_AVAILABLE,MBTA-vehicle-1717294799,2024-06-01 21:49:00-04:00,0 days 00:30:56,8503.196737144199
y1200,61885995,y1200,0 days 21:49:00,2024-06-01,1200,POINT (-71.111725 42.326008),204.0,15,STOPPED_AT,2024-06-01 22:12:11-04:00,31365,0.0,MANY_SEATS_AVAILABLE,MBTA-vehicle-1717294334,2024-06-01 21:49:00-04:00,0 days 00:23:11,6247.782401504653
y1200,61885995,y1200,0 days 21:49:00,2024-06-01,1200,POINT (-71.11511 42.306118),0.0,24,STOPPED_AT,2024-06-01 22:20:11-04:00,2006,0.0,MANY_SEATS_AVAILABLE,MBTA-vehicle-1717294813,2024-06-01 21:49:00-04:00,0 days 00:31:11,8605.597757827765
y1200,61885995,y1200,0 days 21:49:00,2024-06-01,1200,POINT (-71.11487 42.30579),155.0,24,STOPPED_AT,2024-06-01 22:20:26-04:00,2006,0.0,MANY_SEATS_AVAILABLE,MBTA-vehicle-1717294829,2024-06-01 21:49:00-04:00,0 days 00:31:26,8650.021562465494
y1200,61885995,y1200,0 days 21:49:00,2024-06-01,1200,POINT (-71.08933 42.340294),0.0,6,STOPPED_AT,2024-06-01 21:59:23-04:00,41391,0.0,MANY_SEATS_AVAILABLE,MBTA-vehicle-1717293568,2024-06-01 21:49:00-04:00,0 days 00:10:23,2816.970776170939
y1200,61885995,y1200,0 days 21:49:00,2024-06-01,1200,POINT (-71.09036 42.339943),225.0,7,IN_TRANSIT_TO,2024-06-01 21:59:41-04:00,61391,0.0,MANY_SEATS_AVAILABLE,MBTA-vehicle-1717293584,2024-06-01 21:49:00-04:00,0 days 00:10:41,2937.7443181689214
y1200,61885995,y1200,0 days 21:49:00,2024-06-01,1200,POINT (-71.112274 42.324444),178.0,16,IN_TRANSIT_TO,2024-06-01 22:12:26-04:00,51365,0.0,MANY_SEATS_AVAILABLE,MBTA-vehicle-1717294349,2024-06-01 21:49:00-04:00,0 days 00:23:26,6433.623616499202
y1200,61885995,y1200,0 days 21:49:00,2024-06-01,1200,POINT (-71.09044 42.339947),0.0,7,IN_TRANSIT_TO,2024-06-01 21:59:45-04:00,61391,0.0,MANY_SEATS_AVAILABLE,MBTA-vehicle-1717293598,2024-06-01 21:49:00-04:00,0 days 00:10:45,2945.834411890788
y1200,61885995,y1200,0 days 21:49:00,2024-06-01,1200,POINT (-71.11473 42.303787),180.0,25,STOPPED_AT,2024-06-01 22:20:43-04:00,2007,0.0,MANY_SEATS_AVAILABLE,MBTA-vehicle-1717294844,2024-06-01 21:49:00-04:00,0 days 00:31:43,8879.51752915698
y1200,61885995,y1200,0 days 21:49:00,2024-06-01,1200,POINT (-71.11231 42.324226),0.0,16,STOPPED_AT,2024-06-01 22:12:34-04:00,51365,0.0,MANY_SEATS_AVAILABLE,MBTA-vehicle-1717294364,2024-06-01 21:49:00-04:00,0 days 00:23:34,6457.683652824449
y1200,61885995,y1200,0 days 21:49:00,2024-06-01,1200,POINT (-71.11457 42.302612),173.0,26,IN_TRANSIT_TO,2024-06-01 22:20:52-04:00,10642,0.0,MANY_SEATS_AVAILABLE,MBTA-vehicle-1717294858,2024-06-01 21:49:00-04:00,0 days 00:31:52,9011.021272482552
y1200,61885995,y1200,0 days 21:49:00,2024-06-01,1200,POINT (-71.09071 42.339848),244.0,7,IN_TRANSIT_TO,2024-06-01 22:00:08-04:00,61391,0.0,MANY_SEATS_AVAILABLE,MBTA-vehicle-1717293613,2024-06-01 21:49:00-04:00,0 days 00:11:08,2977.252643195325
y1200,61885995,y1200,0 days 21:49:00,2024-06-01,1200,POINT (-71.11232 42.32416),178.0,16,STOPPED_AT,2024-06-01 22:12:57-04:00,51365,0.0,MANY_SEATS_AVAILABLE,MBTA-vehicle-1717294379,2024-06-01 21:49:00-04:00,0 days 00:23:57,6464.980634125083
y1200,61885995,y1200,0 days 21:49:00,2024-06-01,1200,POINT (-71.09252 42.33907),240.0,7,STOPPED_AT,2024-06-01 22:00:27-04:00,61391,0.0,MANY_SEATS_AVAILABLE,MBTA-vehicle-1717293629,2024-06-01 21:49:00-04:00,0 days 00:11:27,3197.124500301227
y1200,61885995,y1200,0 days 21:49:00,2024-06-01,1200,POINT (-71.11461 42.30207),38.0,26,IN_TRANSIT_TO,2024-06-01 22:21:11-04:00,10642,0.0,MANY_SEATS_AVAILABLE,MBTA-vehicle-1717294875,2024-06-01 21:49:00-04:00,0 days 00:32:11,9075.20303443254
y1200,61885995,y1200,0 days 21:49:00,2024-06-01,1200,POINT (-71.11234 42.32372),184.0,16,STOPPED_AT,2024-06-01 22:13:10-04:00,51365,0.0,MANY_SEATS_AVAILABLE,MBTA-vehicle-1717294394,2024-06-01 21:49:00-04:00,0 days 00:24:10,6513.5268964970155
y1200,61885995,y1200,0 days 21:49:00,2024-06-01,1200,POINT (-71.09373 42.338593),244.0,8,IN_TRANSIT_TO,2024-06-01 22:00:37-04:00,71391,0.0,MANY_SEATS_AVAILABLE,MBTA-vehicle-1717293642,2024-06-01 21:49:00-04:00,0 days 00:11:37,3341.542966043274
y1200,61885995,y1200,0 days 21:49:00,2024-06-01,1200,POINT (-71.1122 42.322845),175.0,16,STOPPED_AT,2024-06-01 22:13:27-04:00,51365,0.0,MANY_SEATS_AVAILABLE,MBTA-vehicle-1717294409,2024-06-01 21:49:00-04:00,0 days 00:24:27,6611.515361080276
y1200,61885995,y1200,0 days 21:49:00,2024-06-01,1200,POINT (-71.11461 42.302094),0.0,26,IN_TRANSIT_TO,2024-06-01 22:21:19-04:00,10642,0.0,MANY_SEATS_AVAILABLE,MBTA-vehicle-1717294889,2024-06-01 21:49:00-04:00,0 days 00:32:19,9072.552390597202
y1200,61885995,y1200,0 days 21:49:00,2024-06-01,1200,POINT (-71.114624 42.30206),186.0,26,IN_TRANSIT_TO,2024-06-01 22:21:36-04:00,10642,0.0,MANY_SEATS_AVAILABLE,MBTA-vehicle-1717294904,2024-06-01 21:49:00-04:00,0 days 00:32:36,9076.48126803981
y1200,61885995,y1200,0 days 21:49:00,2024-06-01,1200,POINT (-71.095345 42.33798),249.0,8,IN_TRANSIT_TO,2024-06-01 22:00:57-04:00,71391,0.0,MANY_SEATS_AVAILABLE,MBTA-vehicle-1717293659,2024-06-01 21:49:00-04:00,0 days 00:11:57,3533.6569632372157
y1200,61885995,y1200,0 days 21:49:00,2024-06-01,1200,POINT (-71.11221 42.322144),0.0,17,STOPPED_AT,2024-06-01 22:13:43-04:00,61365,0.0,MANY_SEATS_AVAILABLE,MBTA-vehicle-1717294424,2024-06-01 21:49:00-04:00,0 days 00:24:43,6689.221563360345
y1200,61885995,y1200,0 days 21:49:00,2024-06-01,1200,POINT (-71.09551 42.337914),181.0,8,IN_TRANSIT_TO,2024-06-01 22:01:07-04:00,71391,0.0,MANY_SEATS_AVAILABLE,MBTA-vehicle-1717293673,2024-06-01 21:49:00-04:00,0 days 00:12:07,3553.40665957488
y1200,61885995,y1200,0 days 21:49:00,2024-06-01,1200,POINT (-71.11478 42.30007),195.0,26,IN_TRANSIT_TO,2024-06-01 22:21:55-04:00,10642,0.0,MANY_SEATS_AVAILABLE,MBTA-vehicle-1717294919,2024-06-01 21:49:00-04:00,0 days 00:32:55,9298.197794447353
y1200,61885995,y1200,0 days 21:49:00,2024-06-01,1200,POINT (-71.112175 42.32212),156.0,17,STOPPED_AT,2024-06-01 22:13:54-04:00,61365,0.0,MANY_SEATS_AVAILABLE,MBTA-vehicle-1717294439,2024-06-01 21:49:00-04:00,0 days 00:24:54,6692.1187143551515
y1200,61885995,y1200,0 days 21:49:00,2024-06-01,1200,POINT (-71.0955 42.337933),0.0,8,IN_TRANSIT_TO,2024-06-01 22:01:10-04:00,71391,0.0,MANY_SEATS_AVAILABLE,MBTA-vehicle-1717293688,2024-06-01 21:49:00-04:00,0 days 00:12:10,3551.6050743259975
y1200,61885995,y1200,0 days 21:49:00,2024-06-01,1200,POINT (-71.11212 42.321953),180.0,17,STOPPED_AT,2024-06-01 22:14:01-04:00,61365,0.0,MANY_SEATS_AVAILABLE,MBTA-vehicle-1717294454,2024-06-01 21:49:00-04:00,0 days 00:25:01,6711.038537420236
y1200,61885995,y1200,0 days 21:49:00,2024-06-01,1200,POINT (-71.095535 42.337963),0.0,8,IN_TRANSIT_TO,2024-06-01 22:01:35-04:00,71391,0.0,MANY_SEATS_AVAILABLE,MBTA-vehicle-1717293703,2024-06-01 21:49:00-04:00,0 days 00:12:35,3554.020810915778
y1200,61885995,y1200,0 days 21:49:00,2024-06-01,1200,POINT (-71.11191 42.320606),170.0,18,IN_TRANSIT_TO,2024-06-01 22:14:28-04:00,1160,0.0,MANY_SEATS_AVAILABLE,MBTA-vehicle-1717294469,2024-06-01 21:49:00-04:00,0 days 00:25:28,6863.063365384536
y1200,61885995,y1200,0 days 21:49:00,2024-06-01,1200,POINT (-71.09651 42.33756),238.0,8,STOPPED_AT,2024-06-01 22:01:56-04:00,71391,0.0,MANY_SEATS_AVAILABLE,MBTA-vehicle-1717293718,2024-06-01 21:49:00-04:00,0 days 00:12:56,3671.2492068181537
y1200,61885995,y1200,0 days 21:49:00,2024-06-01,1200,POINT (-71.11171 42.319897),171.0,18,IN_TRANSIT_TO,2024-06-01 22:14:42-04:00,1160,0.0,MANY_SEATS_AVAILABLE,MBTA-vehicle-1717294484,2024-06-01 21:49:00-04:00,0 days 00:25:42,6944.693559222867
y1200,61885995,y1200,0 days 21:49:00,2024-06-01,1200,POINT (-71.11175 42.319885),0.0,18,IN_TRANSIT_TO,2024-06-01 22:14:55-04:00,1160,0.0,MANY_SEATS_AVAILABLE,MBTA-vehicle-1717294499,2024-06-01 21:49:00-04:00,0 days 00:25:55,6945.250864039416
y1200,61885995,y1200,0 days 21:49:00,2024-06-01,1200,POINT (-71.09761 42.3371),236.0,8,STOPPED_AT,2024-06-01 22:02:10-04:00,71391,0.0,MANY_SEATS_AVAILABLE,MBTA-vehicle-1717293733,2024-06-01 21:49:00-04:00,0 days 00:13:10,3803.584174524296
y1200,61885995,y1200,0 days 21:49:00,2024-06-01,1200,POINT (-71.11175 42.319866),173.0,18,STOPPED_AT,2024-06-01 22:15:09-04:00,1160,0.0,MANY_SEATS_AVAILABLE,MBTA-vehicle-1717294513,2024-06-01 21:49:00-04:00,0 days 00:26:09,6947.326488687483
y1200,61885995,y1200,0 days 21:49:00,2024-06-01,1200,POINT (-71.1119 42.319366),212.0,18,STOPPED_AT,2024-06-01 22:15:19-04:00,1160,0.0,MANY_SEATS_AVAILABLE,MBTA-vehicle-1717294529,2024-06-01 21:49:00-04:00,0 days 00:26:19,7015.238346104947
y1200,61885995,y1200,0 days 21:49:00,2024-06-01,1200,POINT (-71.09948 42.336437),250.0,9,IN_TRANSIT_TO,2024-06-01 22:02:26-04:00,91391,0.0,MANY_SEATS_AVAILABLE,MBTA-vehicle-1717293748,2024-06-01 21:49:00-04:00,0 days 00:13:26,4024.83641563148
y1200,61885995,y1200,0 days 21:49:00,2024-06-01,1200,POINT (-71.11197 42.319145),201.0,18,STOPPED_AT,2024-06-01 22:15:37-04:00,1160,0.0,MANY_SEATS_AVAILABLE,MBTA-vehicle-1717294544,2024-06-01 21:49:00-04:00,0 days 00:26:37,7040.2628174150195
y1200,61885995,y1200,0 days 21:49:00,2024-06-01,1200,POINT (-71.1129 42.3179),212.0,19,IN_TRANSIT_TO,2024-06-01 22:15:57-04:00,1161,0.0,MANY_SEATS_AVAILABLE,MBTA-vehicle-1717294560,2024-06-01 21:49:00-04:00,0 days 00:26:57,7213.64636568046
